"name","given_name","email","affiliation"
"Hinz","Martin","martin.hinz@iaw.unibe.ch","Institute for Archaeological Sciences, Bern University"
"Schmid","Clemens","schmid@shh.mpg.de","Max Planck Institute for the Science of Human History, Jena"
"Schmidt","Sophie","s.c.schmidt@uni-koeln.de","Institute of Archaeology, University of Cologne"
"Batist","Zack","z.batist@mail.utoronto.ca","Faculty of Information, University of Toronto"
"Lewis","Joseph","josephlewis1992@gmail.com","Independent Researcher (previously University of Leicester)"
"Thiery","Florian","rse@fthiery.de","Research Squirrel Engineers"
"Verhagen","Philip","j.w.h.p.verhagen@vu.nl","Faculteit der Geesteswetenschappen, Vrije Universiteit Amsterdam"
"Kimber","Andres","andres.kimber@ut.ee","Institute of History and Archaeology, University of Tartu"
"Pajdla","Petr","petr.pajdla@gmail.com","Department of Archaeology and Museology, Masaryk University Brno"
"Seidensticker","Dirk","dirk.seidensticker@ugent.be","BantUGent - UGent Centre for Bantu studies, Ghent University"
"Davies", "Ben", "ben.davies@utah.edu", "Department of Anthropology, University of Utah"
"Marwick", "Ben", "bmarwick@uw.edu", "Department of Anthropology, University of Washington"
"Pop", "Cornel", "cornel_pop@eva.mpg.de", "Department of Human Evolution, Max Planck Institute for Evolutionary Anthropology, Leipzig"
"Roe", "Joe", "jwg983@hum.ku.dk", "Department of Cross-Cultural and Regional Studies, University of Copenhagen"
"Müller-Scheeßel", "Nils", "nils.mueller-scheessel@ufg.uni-kiel.de", "Institut für Ur- und Frühgeschichte, Christian-Albrechts-Universität zu Kiel"
"Rinne", "Christoph", "crinne@ufg.uni-kiel.de", "Institut für Ur- und Frühgeschichte, Christian-Albrechts-Universität zu Kiel"
"Schneider", "Agnes", "euboia@gmail.com", "Vorgeschichtliche Seminar, Philipps-Universität Marburg"
"Laabs", "Julian", "julian.laabs@iaw.unibe.ch", "Institut für Ur- und Frühgeschichte, Christian-Albrechts-Universität zu Kiel"
"Barrett", "Matthew", "mbar221@aucklanduni.ac.nz", "University of Auckland, New Zealand"
"Allison", "James R.", "Jallison@byu.edu", "Department of Anthropology, Brigham Young University"
"Daems", "Dries", "dries.daems@kuleuven.be", "Graduate School of Social Sciences, Middle East Technical University"
